<?xml version="1.0" encoding="UTF-8"?>
<!DOCTYPE tiles-definitions PUBLIC
       "-//Apache Software Foundation//DTD Tiles Configuration 3.0//EN"
       "http://tiles.apache.org/dtds/tiles-config_3_0.dtd">
<tiles-definitions>
  <definition name="bg" template="/template/bg.jsp">
      <put-attribute name="title"   value="Title"/>
  </definition>
  <definition name="bghome" template="/template/bghome.jsp">
      <put-attribute name="title" expression="${title}" />
  </definition>
  <definition name="bgpanel" template="/template/bgpanel.jsp">
      <put-attribute name="title"   value="Title"/>
  </definition>
</tiles-definitions>